Datetime,Water Level (m)
2025-10-23 00:00:00,-0.1290899
2025-10-23 01:00:00,-0.31251034
2025-10-23 02:00:00,-0.40681586
2025-10-23 03:00:00,-0.14080773
2025-10-23 04:00:00,0.24973819
2025-10-23 05:00:00,0.58065575
2025-10-23 06:00:00,0.80886227
2025-10-23 07:00:00,0.8674604
2025-10-23 08:00:00,0.7061835
2025-10-23 09:00:00,0.41880685
2025-10-23 10:00:00,0.18302846
2025-10-23 11:00:00,-0.027618777
2025-10-23 12:00:00,-0.2229052
2025-10-23 13:00:00,-0.39769766
2025-10-23 14:00:00,-0.48028842
2025-10-23 15:00:00,-0.14614065
2025-10-23 16:00:00,0.2663876
2025-10-23 17:00:00,0.64176166
2025-10-23 18:00:00,0.93386686
2025-10-23 19:00:00,1.0693023
2025-10-23 20:00:00,1.0034258
2025-10-23 21:00:00,0.7166408
2025-10-23 22:00:00,0.44427317
2025-10-23 23:00:00,0.2133597
2025-10-24 00:00:00,0.005131416
2025-10-24 01:00:00,-0.18659183
2025-10-24 02:00:00,-0.33917013
2025-10-24 03:00:00,-0.30476934
2025-10-24 04:00:00,0.12461817
2025-10-24 05:00:00,0.4704918
2025-10-24 06:00:00,0.7263776
2025-10-24 07:00:00,0.8475588
2025-10-24 08:00:00,0.76897925
2025-10-24 09:00:00,0.51278245
2025-10-24 10:00:00,0.2728005
2025-10-24 11:00:00,0.06364675
2025-10-24 12:00:00,-0.13148177
2025-10-24 13:00:00,-0.31227922
2025-10-24 14:00:00,-0.4399552
2025-10-24 15:00:00,-0.3418703
2025-10-24 16:00:00,0.07756961
2025-10-24 17:00:00,0.46436217
2025-10-24 18:00:00,0.79501843
2025-10-24 19:00:00,1.0138162
2025-10-24 20:00:00,1.0534636
2025-10-24 21:00:00,0.8600562
2025-10-24 22:00:00,0.56505054
2025-10-24 23:00:00,0.3226554
2025-10-25 00:00:00,0.11219231
2025-10-25 01:00:00,-0.08239503
2025-10-25 02:00:00,-0.25025776
2025-10-25 03:00:00,-0.3276469
2025-10-25 04:00:00,-0.051353823
2025-10-25 05:00:00,0.3112799
2025-10-25 06:00:00,0.5803505
2025-10-25 07:00:00,0.74924994
2025-10-25 08:00:00,0.76281375
2025-10-25 09:00:00,0.58497643
2025-10-25 10:00:00,0.34462863
2025-10-25 11:00:00,0.1355936
2025-10-25 12:00:00,-0.0572829
2025-10-25 13:00:00,-0.23341167
2025-10-25 14:00:00,-0.38172758
2025-10-25 15:00:00,-0.42636284
2025-10-25 16:00:00,-0.11325551
2025-10-25 17:00:00,0.26178738
2025-10-25 18:00:00,0.6007535
2025-10-25 19:00:00,0.86624444
2025-10-25 20:00:00,0.9954448
2025-10-25 21:00:00,0.9357864
2025-10-25 22:00:00,0.6758278
2025-10-25 23:00:00,0.42202848
2025-10-26 00:00:00,0.20786864
2025-10-26 01:00:00,0.014448858
2025-10-26 02:00:00,-0.15495975
2025-10-26 03:00:00,-0.27665758
2025-10-26 04:00:00,-0.22218452
2025-10-26 05:00:00,0.12133373
2025-10-26 06:00:00,0.4066572
2025-10-26 07:00:00,0.6118401
2025-10-26 08:00:00,0.7074799
2025-10-26 09:00:00,0.6451828
2025-10-26 10:00:00,0.43032143
2025-10-26 11:00:00,0.21801513
2025-10-26 12:00:00,0.02796696
2025-10-26 13:00:00,-0.14458357
2025-10-26 14:00:00,-0.29938778
2025-10-26 15:00:00,-0.38933954
2025-10-26 16:00:00,-0.2520554
2025-10-26 17:00:00,0.10210096
2025-10-26 18:00:00,0.42263392
2025-10-26 19:00:00,0.6915012
2025-10-26 20:00:00,0.87384874
2025-10-26 21:00:00,0.9192264
2025-10-26 22:00:00,0.78505355
2025-10-26 23:00:00,0.5309909
2025-10-27 00:00:00,0.3087802
2025-10-27 01:00:00,0.1177344
2025-10-27 02:00:00,-0.049380187
2025-10-27 03:00:00,-0.18360989
2025-10-27 04:00:00,-0.24029931
2025-10-27 05:00:00,-0.05491403
2025-10-27 06:00:00,0.24548683
2025-10-27 07:00:00,0.4583503
2025-10-27 08:00:00,0.5934272
2025-10-27 09:00:00,0.6209528
2025-10-27 10:00:00,0.5024847
2025-10-27 11:00:00,0.30695283
2025-10-27 12:00:00,0.12437013
2025-10-27 13:00:00,-0.04215282
2025-10-27 14:00:00,-0.18875854
2025-10-27 15:00:00,-0.305659
2025-10-27 16:00:00,-0.30754918
2025-10-27 17:00:00,-0.051596597
2025-10-27 18:00:00,0.2509979
2025-10-27 19:00:00,0.5156446
2025-10-27 20:00:00,0.71729463
2025-10-27 21:00:00,0.83121175
2025-10-27 22:00:00,0.823111
2025-10-27 23:00:00,0.6587623
2025-10-28 00:00:00,0.43982723
2025-10-28 01:00:00,0.250189
2025-10-28 02:00:00,0.0876835
2025-10-28 03:00:00,-0.046503205
2025-10-28 04:00:00,-0.14093944
2025-10-28 05:00:00,-0.14225356
2025-10-28 06:00:00,0.055757158
2025-10-28 07:00:00,0.2852302
2025-10-28 08:00:00,0.44799328
2025-10-28 09:00:00,0.5525957
2025-10-28 10:00:00,0.55629826
2025-10-28 11:00:00,0.43576512
2025-10-28 12:00:00,0.27034542
2025-10-28 13:00:00,0.107721
2025-10-28 14:00:00,-0.035635747
2025-10-28 15:00:00,-0.15301079
2025-10-28 16:00:00,-0.22409226
2025-10-28 17:00:00,-0.16652612
2025-10-28 18:00:00,0.07407209
2025-10-28 19:00:00,0.32535374
2025-10-28 20:00:00,0.54156464
2025-10-28 21:00:00,0.70878273
2025-10-28 22:00:00,0.8070651
2025-10-28 23:00:00,0.7969775
2025-10-29 00:00:00,0.64852583
